{
  "paper_reported_mean": 0.2787777777777778,
  "paper_reported_combined": 0.26291250000000005,
  "paper_params_ngspice_mean": 0.27505313088325356,
  "paper_params_ngspice_combined": 0.2595303214587442,
  "paper_params_ngspice_official_combined": 0.2595303214587442,
  "paper_params_ngspice_legacy_mean": 0.6245777051910397,
  "paper_params_ngspice_legacy_combined": 0.6057495880359807,
  "paper_reported_nmos_mean": 0.120125,
  "paper_reported_pmos_mean": 0.40570000000000006,
  "paper_params_ngspice_nmos_mean": 0.11982503663815981,
  "paper_params_ngspice_pmos_mean": 0.39923560627932864,
  "direct_mlp_forward_pass_mean": 0.27225219727774347,
  "direct_mlp_forward_pass_combined": 0.2578640748859432,
  "direct_mlp_forward_pass_official_combined": 0.2578640748859432,
  "direct_mlp_forward_pass_legacy_mean": 0.6197947143183621,
  "direct_mlp_forward_pass_legacy_combined": 0.6024194149386133,
  "direct_mlp_forward_pass_nmos_mean": 0.12837097335974096,
  "direct_mlp_forward_pass_pmos_mean": 0.3873571764121454,
  "direct_mlp_forward_pass_wins_vs_paper_params_ngspice": 11,
  "surrogate_search_raw_mean": 0.23572790633094115,
  "surrogate_search_raw_combined": 0.2204322142331886,
  "surrogate_search_raw_official_combined": 0.2204322142331886,
  "surrogate_search_raw_legacy_mean": 0.5854150465642232,
  "surrogate_search_raw_legacy_combined": 0.567091199332723,
  "surrogate_search_raw_nmos_mean": 0.08277098535341507,
  "surrogate_search_raw_pmos_mean": 0.3580934431129621,
  "surrogate_search_raw_wins_vs_paper_params_ngspice": 17,
  "surrogate_search_plus_fd_mean": 0.22898636766706795,
  "surrogate_search_plus_fd_combined": 0.21396985296095622,
  "surrogate_search_plus_fd_official_combined": 0.21396985296095622,
  "surrogate_search_plus_fd_legacy_mean": 0.5783107687449388,
  "surrogate_search_plus_fd_legacy_combined": 0.5602834641741572,
  "surrogate_search_plus_fd_nmos_mean": 0.07882122060595045,
  "surrogate_search_plus_fd_pmos_mean": 0.34911848531596196,
  "surrogate_search_plus_fd_wins_vs_paper_params_ngspice": 18,
  "foundation_plus_fd_mean": 0.22606509863260182,
  "foundation_plus_fd_combined": 0.21139577584264085,
  "foundation_plus_fd_official_combined": 0.21139577584264085,
  "foundation_plus_fd_legacy_mean": 0.5760410970554841,
  "foundation_plus_fd_legacy_combined": 0.5582893818336108,
  "foundation_plus_fd_nmos_mean": 0.07937187073299168,
  "foundation_plus_fd_pmos_mean": 0.34341968095229003,
  "foundation_plus_fd_wins_vs_paper_params_ngspice": 18,
  "high_voltage_guarded_mean": 0.23272669721345618,
  "high_voltage_guarded_combined": 0.21751494209252023,
  "high_voltage_guarded_official_combined": 0.21751494209252023,
  "high_voltage_guarded_legacy_mean": 0.583557586754327,
  "high_voltage_guarded_legacy_combined": 0.5651836404920325,
  "high_voltage_guarded_nmos_mean": 0.08060914600409692,
  "high_voltage_guarded_pmos_mean": 0.35442073818094355,
  "high_voltage_guarded_wins_vs_paper_params_ngspice": 18
}