{
  "paper_reported_mean": 0.2787777777777778,
  "paper_params_ngspice_mean": 0.6918666679748472,
  "ml_mean": 0.5437643860915761,
  "ml_wins_vs_paper_params_ngspice": 17
}