{
  "summary": {
    "policy": "fixed one-start FD-alone and fixed surrogate FD ablation",
    "n_devices": 18,
    "published": {
      "all_device_mean": 0.27505330608726336,
      "nmos_mean": 0.11982533696481505,
      "pmos_mean": 0.399235681385222,
      "combined": 0.2595305091750185
    },
    "published_start_fd_alone": {
      "all_device_mean": 0.27505330608726336,
      "nmos_mean": 0.11982533696481505,
      "pmos_mean": 0.399235681385222,
      "combined": 0.2595305091750185
    },
    "surrogate_raw": {
      "all_device_mean": 0.23572790633094115,
      "nmos_mean": 0.08277098535341507,
      "pmos_mean": 0.3580934431129621,
      "combined": 0.2204322142331886
    },
    "surrogate_raw_winner_plus_fd": {
      "all_device_mean": 0.22964936946995942,
      "nmos_mean": 0.08013712343239493,
      "pmos_mean": 0.349259166300011,
      "combined": 0.21469814486620298
    },
    "surrogate_production_top5_plus_fd": {
      "all_device_mean": 0.22898636766706795,
      "nmos_mean": 0.07882122060595045,
      "pmos_mean": 0.34911848531596196,
      "combined": 0.21396985296095622
    },
    "fd_alone_all_device_improvement": 0.0,
    "surrogate_fd_all_device_improvement": 0.006078536860981726,
    "surrogate_production_all_device_improvement": 0.006741538663873198,
    "fd_alone_wins": 0,
    "surrogate_fd_wins": 18,
    "fd_alone_mean_nfev": 13.0,
    "surrogate_pair_mean_nfev": 194.83333333333334,
    "fd_alone_mean_runtime_s": 0.8999999999999999,
    "surrogate_pair_mean_runtime_s": 15.105555555555554,
    "per_parameter": {
      "vth0": {
        "fd_alone_mean_abs_percent_of_published": 0.0,
        "surrogate_raw_mean_abs_percent_of_published": 3.346280662898053,
        "surrogate_paired_polish_mean_abs_percent_of_published": 0.5267282470090879,
        "surrogate_production_polish_mean_abs_percent_of_published": 0.524665972424128
      },
      "u0": {
        "fd_alone_mean_abs_percent_of_published": 0.0,
        "surrogate_raw_mean_abs_percent_of_published": 8.538606011489946,
        "surrogate_paired_polish_mean_abs_percent_of_published": 0.3563727594617427,
        "surrogate_production_polish_mean_abs_percent_of_published": 0.43340434879317713
      },
      "nfactor": {
        "fd_alone_mean_abs_percent_of_published": 0.0,
        "surrogate_raw_mean_abs_percent_of_published": 7.273687616089181,
        "surrogate_paired_polish_mean_abs_percent_of_published": 0.39758194208534253,
        "surrogate_production_polish_mean_abs_percent_of_published": 2.204752460629449
      },
      "vsat": {
        "fd_alone_mean_abs_percent_of_published": 0.0,
        "surrogate_raw_mean_abs_percent_of_published": 5.497264782704125,
        "surrogate_paired_polish_mean_abs_percent_of_published": 0.5060755534691938,
        "surrogate_production_polish_mean_abs_percent_of_published": 0.9461742659497087
      },
      "delta": {
        "fd_alone_mean_abs_percent_of_published": 0.0,
        "surrogate_raw_mean_abs_percent_of_published": 8.095673732996126,
        "surrogate_paired_polish_mean_abs_percent_of_published": 0.8799760852364349,
        "surrogate_production_polish_mean_abs_percent_of_published": 1.4339023727414397
      },
      "rdsw": {
        "fd_alone_mean_abs_percent_of_published": 0.0,
        "surrogate_raw_mean_abs_percent_of_published": 8.6773883378538,
        "surrogate_paired_polish_mean_abs_percent_of_published": 0.060420401637484696,
        "surrogate_production_polish_mean_abs_percent_of_published": 1.6492564360676676
      },
      "eta0": {
        "fd_alone_mean_abs_percent_of_published": 0.0,
        "surrogate_raw_mean_abs_percent_of_published": 4.28845425590827,
        "surrogate_paired_polish_mean_abs_percent_of_published": 0.005419923297683045,
        "surrogate_production_polish_mean_abs_percent_of_published": 0.8554577101845171
      }
    }
  },
  "devices": [
    {
      "device": "nmos_L0p15_W1p6",
      "dev_type": "nmos",
      "published_rrms": 0.05946672818606445,
      "fd_alone_endpoint_rrms": 0.05946672818606445,
      "fd_alone_rrms": 0.05946672818606445,
      "fd_alone_endpoint_accepted": true,
      "surrogate_raw_rrms": 0.03491186241665743,
      "surrogate_paired_fd_rrms": 0.03483058976745708,
      "surrogate_fd_rrms": 0.034760141864620446,
      "nfev": 13,
      "scipy_nfev": 5,
      "surrogate_pair_nfev": 38,
      "surrogate_pair_scipy_nfev": 17,
      "runtime_s": 0.9,
      "surrogate_pair_runtime_s": 2.6
    },
    {
      "device": "nmos_L0p19_W7",
      "dev_type": "nmos",
      "published_rrms": 0.09669385350620356,
      "fd_alone_endpoint_rrms": 0.09669385350620356,
      "fd_alone_rrms": 0.09669385350620356,
      "fd_alone_endpoint_accepted": true,
      "surrogate_raw_rrms": 0.0437699671087437,
      "surrogate_paired_fd_rrms": 0.04343672530898095,
      "surrogate_fd_rrms": 0.043358496755976854,
      "nfev": 13,
      "scipy_nfev": 5,
      "surrogate_pair_nfev": 87,
      "surrogate_pair_scipy_nfev": 17,
      "runtime_s": 0.9,
      "surrogate_pair_runtime_s": 6.0
    },
    {
      "device": "nmos_L0p25_W1p6",
      "dev_type": "nmos",
      "published_rrms": 0.09830105100527453,
      "fd_alone_endpoint_rrms": 0.09830105100527453,
      "fd_alone_rrms": 0.09830105100527453,
      "fd_alone_endpoint_accepted": true,
      "surrogate_raw_rrms": 0.051654274712489325,
      "surrogate_paired_fd_rrms": 0.05022221369425006,
      "surrogate_fd_rrms": 0.049685638430327146,
      "nfev": 13,
      "scipy_nfev": 5,
      "surrogate_pair_nfev": 199,
      "surrogate_pair_scipy_nfev": 31,
      "runtime_s": 0.9,
      "surrogate_pair_runtime_s": 13.9
    },
    {
      "device": "nmos_L1_W1p6",
      "dev_type": "nmos",
      "published_rrms": 0.1282990247176669,
      "fd_alone_endpoint_rrms": 0.1282990247176669,
      "fd_alone_rrms": 0.1282990247176669,
      "fd_alone_endpoint_accepted": true,
      "surrogate_raw_rrms": 0.06655255360249526,
      "surrogate_paired_fd_rrms": 0.06500892854328381,
      "surrogate_fd_rrms": 0.06500892854328381,
      "nfev": 13,
      "scipy_nfev": 5,
      "surrogate_pair_nfev": 179,
      "surrogate_pair_scipy_nfev": 39,
      "runtime_s": 0.9,
      "surrogate_pair_runtime_s": 12.7
    },
    {
      "device": "nmos_L1_W3",
      "dev_type": "nmos",
      "published_rrms": 0.1598848778421313,
      "fd_alone_endpoint_rrms": 0.1598848778421313,
      "fd_alone_rrms": 0.1598848778421313,
      "fd_alone_endpoint_accepted": true,
      "surrogate_raw_rrms": 0.13713447684697583,
      "surrogate_paired_fd_rrms": 0.12000859804079304,
      "surrogate_fd_rrms": 0.11018652989632016,
      "nfev": 13,
      "scipy_nfev": 5,
      "surrogate_pair_nfev": 110,
      "surrogate_pair_scipy_nfev": 26,
      "runtime_s": 0.9,
      "surrogate_pair_runtime_s": 8.2
    },
    {
      "device": "nmos_L8_W1p6",
      "dev_type": "nmos",
      "published_rrms": 0.1473828346140275,
      "fd_alone_endpoint_rrms": 0.1473828346140275,
      "fd_alone_rrms": 0.1473828346140275,
      "fd_alone_endpoint_accepted": true,
      "surrogate_raw_rrms": 0.08029000125279585,
      "surrogate_paired_fd_rrms": 0.08024021836237905,
      "surrogate_fd_rrms": 0.08024021836237905,
      "nfev": 13,
      "scipy_nfev": 5,
      "surrogate_pair_nfev": 52,
      "surrogate_pair_scipy_nfev": 17,
      "runtime_s": 0.9,
      "surrogate_pair_runtime_s": 3.8
    },
    {
      "device": "nmos_L20_W0p64",
      "dev_type": "nmos",
      "published_rrms": 0.12827112058467988,
      "fd_alone_endpoint_rrms": 0.12827112058467988,
      "fd_alone_rrms": 0.12827112058467988,
      "fd_alone_endpoint_accepted": true,
      "surrogate_raw_rrms": 0.11529395345217472,
      "surrogate_paired_fd_rrms": 0.11491731572103955,
      "surrogate_fd_rrms": 0.11491731572103955,
      "nfev": 13,
      "scipy_nfev": 5,
      "surrogate_pair_nfev": 397,
      "surrogate_pair_scipy_nfev": 68,
      "runtime_s": 0.9,