{
  "run_config": {
    "schema_version": 2,
    "setup": "CryoPDK_Skywater130nm_ML@39b1e518",
    "metric": "confirmed rrmsCalc with fixed baseline inclusion",
    "box": "lhc10",
    "pool": 10000,
    "reference": {
      "n_data": 10000,
      "arch": [
        512,
        512,
        512,
        512
      ],
      "n_starts": 2048,
      "steps": 600
    },
    "testbed": "nmos:1:1.6,nmos:20:0.64,pmos:0.5:0.64,pmos:8:1.6",
    "devices": "nmos:1:1.6,nmos:20:0.64,pmos:0.5:0.64,pmos:8:1.6",
    "seed": 0
  },
  "n_rows": 56,
  "unique_cells": 56,
  "counts_by_sweep": {
    "data": 24,
    "capacity": 20,
    "search": 12
  },
  "panels": {
    "data_emu_val": {
      "sweep": "data",
      "x": [
        375,
        750,
        1500,
        3000,
        6000,
        10000
      ],
      "geometric_mean": [
        0.0021262122641628046,
        0.0017023737691606341,
        0.0008083263548472774,
        0.0007955025096696533,
        0.00031967615906295586,
        0.0001381411510897222
      ],
      "power_law_alpha": 0.793212020149848
    },
    "capacity_emu_val": {
      "sweep": "capacity",
      "x": [
        141822,
        297982,
        659454,
        1579006,
        1841662,
        5254142
      ],
      "geometric_mean": [
        0.0024188348208690415,
        0.001673294796916303,
        0.0006284947347430165,
        0.0003453652968173778,
        0.0001381411510897222,
        8.324924881827913e-05
      ],
      "power_law_alpha": 0.9955050691670783
    },
    "search_search_loss": {
      "sweep": "search",
      "x": [
        128,
        512,
        2048,
        8192
      ],
      "geometric_mean": [
        0.18193244425858945,
        0.18193234047957157,
        0.1819323116583886,
        0.18193221568901147
      ],
      "power_law_alpha": 2.8330554788071914e-07
    },
    "data_rrms_polished": {
      "sweep": "data",
      "x": [
        375,
        750,
        1500,
        3000,
        6000,
        10000
      ],
      "geometric_mean": [
        0.18610958795133473,
        0.18597978073062538,
        0.18449432708238844,
        0.18417900624944053,
        0.1846615152792116,
        0.18444925510613353
      ],
      "raw_geometric_mean": [
        0.20556402804678545,
        0.19854832639362224,
        0.1957340100634347,
        0.1928600918621825,
        0.19144403098397159,
        0.1890773692936143
      ]
    },
    "capacity_rrms_polished": {
      "sweep": "capacity",
      "x": [
        141822,
        297982,
        659454,
        1579006,
        1841662,
        5254142
      ],
      "geometric_mean": [
        0.18429739142482696,
        0.18560212668488268,
        0.1854820219889601,
        0.18512757412528263,
        0.18444925510613353,
        0.18443950321495536
      ],
      "raw_geometric_mean": [
        0.2057884080216616,
        0.20256009342378561,
        0.20202145950487732,
        0.1955237088864629,
        0.1890773692936143,
        0.18758365232506555
      ]
    },
    "search_rrms_polished": {
      "sweep": "search",
      "x": [
        128,
        512,
        2048,
        8192
      ],
      "geometric_mean": [
        0.18436226877293826,
        0.18434378788583794,
        0.18444925510613353,
        0.1843242159220733
      ],
      "raw_geometric_mean": [
        0.18854305408108016,
        0.18918711474259142,
        0.1890773692936143,
        0.18916420793931446
      ]
    }
  }
}