{
  "device": "nmos_L0p25_W1p6",
  "dev_type": "nmos",
  "L_um": 0.25,
  "W_um": 1.6,
  "bin_index": 2,
  "paper_reported": 0.098,
  "emulator_val_mse": 0.07892122864723206,
  "inverse_val_mse": 0.7791522145271301,
  "n_synth": 1500,
  "methods": {
    "published": {
      "rrms": 0.9734610578993297
    },
    "emu_search": {
      "rrms": 0.9147640638919885
    },
    "inverse_mlp": {
      "rrms": 1.8530807068736594
    },
    "emu_search+fd": {
      "rrms": 0.9133669992960887
    },
    "inverse_mlp+fd": {
      "rrms": 1.1615001195041115
    }
  },
  "params_by_method": {
    "published": {
      "vth0": 0.737649,
      "u0": 0.10598,
      "nfactor": 8.76599,
      "vsat": 152198.0,
      "delta": 0.0577825,
      "rdsw": 158.481,
      "eta0": -0.290082
    },
    "emu_search": {
      "vth0": 0.7380195666860646,
      "u0": 0.07320284044743185,
      "nfactor": 14.302932223867703,
      "vsat": 149227.50224422655,
      "delta": 0.023155778189205944,
      "rdsw": 87.09530097327264,
      "eta0": -0.38294218050342527
    },
    "inverse_mlp": {
      "vth0": 1.0237573499274095,
      "u0": 0.592935186409582,
      "nfactor": 0.9634315165798438,
      "vsat": 125626.5935652493,
      "delta": 1.4997040826376635,
      "rdsw": 510.4178623540498,
      "eta0": -0.8702002618478377
    },
    "emu_search+fd": {
      "vth0": 0.7393145120630317,
      "u0": 0.07316880447948629,
      "nfactor": 14.307806935411618,
      "vsat": 149204.52553825002,
      "delta": 0.02315354145569515,
      "rdsw": 87.0971619255602,
      "eta0": -0.3829421805066981
    },
    "inverse_mlp+fd": {
      "vth0": 0.7710157394265827,
      "u0": 0.6008407246192284,
      "nfactor": 0.9635041650244396,
      "vsat": 243320.85453816975,
      "delta": 0.7454386385572979,
      "rdsw": 147.3121255567777,
      "eta0": -0.8702002618478377
    }
  },
  "best_method": "emu_search+fd",
  "rrms": 0.9133669992960887,
  "start_rrms": 0.9734610578993297,
  "runtime_s": 81.4
}