{
  "device": "nmos_L20_W0p64",
  "dev_type": "nmos",
  "L_um": 20.0,
  "W_um": 0.64,
  "bin_index": 6,
  "paper_reported": 0.13,
  "emulator_val_mse": 0.17891788482666016,
  "inverse_val_mse": 1.3358137607574463,
  "n_synth": 1500,
  "methods": {
    "published": {
      "rrms": 0.23074349847198705
    },
    "emu_search": {
      "rrms": 0.5196430209122379
    },
    "inverse_mlp": {
      "rrms": 2.570608376611237
    },
    "emu_search+fd": {
      "rrms": 0.17094823605207418
    },
    "inverse_mlp+fd": {
      "rrms": 0.21139725496706283
    }
  },
  "params_by_method": {
    "published": {
      "vth0": 0.449844,
      "u0": 0.29023,
      "nfactor": 39.5731,
      "vsat": 23603.9,
      "delta": 0.149998,
      "rdsw": 3726.62,
      "eta0": 0.08
    },
    "emu_search": {
      "vth0": 0.1120031953653714,
      "u0": 0.8291334841516592,
      "nfactor": 91.6592663054098,
      "vsat": 8477.038821716105,
      "delta": 0.06617808972338869,
      "rdsw": 1209.7508486934464,
      "eta0": 0.3213860574572329
    },
    "inverse_mlp": {
      "vth0": 0.011669807878996269,
      "u0": 0.1852067543570648,
      "nfactor": 49.38347981458859,
      "vsat": 41347.476571423686,
      "delta": 0.21111065012507751,
      "rdsw": 1479.4848068395809,
      "eta0": 0.05647873409964771
    },
    "emu_search+fd": {
      "vth0": 0.06714654714219512,
      "u0": 0.9910212052904379,
      "nfactor": 104.12973390064317,
      "vsat": 10350.544831330486,
      "delta": 0.24295154478838393,
      "rdsw": 5337.690672536115,
      "eta0": 0.3213860574572329
    },
    "inverse_mlp+fd": {
      "vth0": 0.3562011751819594,
      "u0": 0.14571517761000027,
      "nfactor": 47.611010192885225,
      "vsat": 32882.88257637593,
      "delta": 0.045795037164897676,
      "rdsw": 482.62552379891827,
      "eta0": 0.05647873409964771
    }
  },
  "best_method": "emu_search+fd",
  "rrms": 0.17094823605207418,
  "start_rrms": 0.23074349847198705,
  "runtime_s": 66.7
}