{
  "device": "nmos_L0p15_W1p6",
  "dev_type": "nmos",
  "L_um": 0.15,
  "W_um": 1.6,
  "bin_index": 0,
  "paper_reported": 0.059,
  "emulator_val_mse": 0.21382242441177368,
  "inverse_val_mse": 0.7330610752105713,
  "n_synth": 1190,
  "methods": {
    "published": {
      "rrms": 0.059697947542519086
    },
    "emu_search": {
      "rrms": 0.04975982620571009
    },
    "inverse_mlp": {
      "rrms": 0.34682144060782927
    },
    "emu_search+fd": {
      "rrms": 0.041517517610324975
    },
    "inverse_mlp+fd": {
      "rrms": 0.09153313441658963
    }
  },
  "params_by_method": {
    "published": {
      "vth0": 0.411929,
      "u0": 0.0740069,
      "nfactor": 11.311,
      "vsat": 137848.0,
      "delta": 0.0533214,
      "rdsw": 100.279,
      "eta0": -0.191127
    },
    "emu_search": {
      "vth0": 0.42123501436249555,
      "u0": 0.07466699288946438,
      "nfactor": 12.768394610123131,
      "vsat": 130801.46971312602,
      "delta": 0.02337509867521282,
      "rdsw": 103.37073785017022,
      "eta0": -0.18362648272452808
    },
    "inverse_mlp": {
      "vth0": 0.4468620113489016,
      "u0": 0.07115731315919104,
      "nfactor": 3.7431477588993793,
      "vsat": 84394.90969729802,
      "delta": 0.011818563087184463,
      "rdsw": 137.12707681129623,
      "eta0": -0.22697766271873338
    },
    "emu_search+fd": {
      "vth0": 0.4207272668405142,
      "u0": 0.07397948231212535,
      "nfactor": 12.750383131169105,
      "vsat": 131666.17068687885,
      "delta": 0.023461901864286143,
      "rdsw": 103.539725604684,
      "eta0": -0.18608838415980306
    },
    "inverse_mlp+fd": {
      "vth0": 0.3987035906416203,
      "u0": 0.07113109802200894,
      "nfactor": 3.748468828867694,
      "vsat": 140661.6700378405,
      "delta": 0.013181393762353182,
      "rdsw": 120.80619974574985,
      "eta0": -0.22696952211807886
    }
  },
  "best_method": "emu_search+fd",
  "rrms": 0.041517517610324975,
  "start_rrms": 0.059697947542519086,
  "runtime_s": 86.3
}