{
  "device": "nmos_L100_W100",
  "dev_type": "nmos",
  "L_um": 100.0,
  "W_um": 100.0,
  "bin_index": 7,
  "paper_reported": 0.142,
  "emulator_val_mse": 0.7041639089584351,
  "inverse_val_mse": 0.9892274141311646,
  "n_synth": 1500,
  "methods": {
    "published": {
      "rrms": 0.2879939902723178
    },
    "emu_search": {
      "rrms": 0.28311504464072085
    },
    "inverse_mlp": {
      "rrms": 1.3236770883854763
    },
    "emu_search+fd": {
      "rrms": 0.2800531012678404
    },
    "inverse_mlp+fd": {
      "rrms": 1.3175350808068798
    }
  },
  "params_by_method": {
    "published": {
      "vth0": 0.525348,
      "u0": 0.27473,
      "nfactor": 4.74778,
      "vsat": 6537.88,
      "delta": 0.0999998,
      "rdsw": 15007.8,
      "eta0": 0.08
    },
    "emu_search": {
      "vth0": 0.5380861571748685,
      "u0": 0.2800760702757334,
      "nfactor": 8.400104531952534,
      "vsat": 6169.674825051898,
      "delta": 0.05965728395847528,
      "rdsw": 17843.80833201978,
      "eta0": 0.058330750612935356
    },
    "inverse_mlp": {
      "vth0": 0.04996388089873263,
      "u0": 1.121340695019765,
      "nfactor": 47.320600678739865,
      "vsat": 95510.91020150798,
      "delta": 3.994461645265522,
      "rdsw": 301.3157424938936,
      "eta0": 0.27950662828908834
    },
    "emu_search+fd": {
      "vth0": 0.5322297361239063,
      "u0": 0.2563155763437618,
      "nfactor": 8.406232414682965,
      "vsat": 7267.08384932282,
      "delta": 0.06283754523851975,
      "rdsw": 17787.045699849703,
      "eta0": 0.058330750612935356
    },
    "inverse_mlp+fd": {
      "vth0": -0.07465146189146278,
      "u0": 2.747297315460264,
      "nfactor": 0.47488711384183513,
      "vsat": 252291.78520696657,
      "delta": 0.005000612894088402,
      "rdsw": 301.305212001918,
      "eta0": 0.27950662828908834
    }
  },
  "best_method": "emu_search+fd",
  "rrms": 0.2800531012678404,
  "start_rrms": 0.2879939902723178,
  "runtime_s": 113.1
}