{
  "device": "nmos_L0p19_W7",
  "dev_type": "nmos",
  "L_um": 0.19,
  "W_um": 7.0,
  "bin_index": 1,
  "paper_reported": 0.097,
  "emulator_val_mse": 0.12969395518302917,
  "inverse_val_mse": 0.7231427431106567,
  "n_synth": 1500,
  "methods": {
    "published": {
      "rrms": 0.48804885500089024
    },
    "emu_search": {
      "rrms": 0.451625076050153
    },
    "inverse_mlp": {
      "rrms": 0.6457948271580963
    },
    "emu_search+fd": {
      "rrms": 0.4296689260110316
    },
    "inverse_mlp+fd": {
      "rrms": 0.459577652620991
    }
  },
  "params_by_method": {
    "published": {
      "vth0": 0.686314,
      "u0": 0.0812952,
      "nfactor": 8.97341,
      "vsat": 230947.0,
      "delta": 0.0847307,
      "rdsw": 143.324,
      "eta0": -0.244557
    },
    "emu_search": {
      "vth0": 0.7088658673712941,
      "u0": 0.0918306011359932,
      "nfactor": 10.885250208118984,
      "vsat": 246466.9343434502,
      "delta": 0.04129452040727665,
      "rdsw": 171.70465660072995,
      "eta0": -0.2128199042749499
    },
    "inverse_mlp": {
      "vth0": 0.7304925136980404,
      "u0": 0.06706775226996446,
      "nfactor": 2.681705316867158,
      "vsat": 623241.3643009567,
      "delta": 0.008969791807709869,
      "rdsw": 582.7415724742973,
      "eta0": -0.4265479658893221
    },
    "emu_search+fd": {
      "vth0": 0.710094179987343,
      "u0": 0.09200107125337931,
      "nfactor": 10.883866431760786,
      "vsat": 237073.7353375293,
      "delta": 0.041396834572088634,
      "rdsw": 172.46287903927782,
      "eta0": -0.21281990370834292
    },
    "inverse_mlp+fd": {
      "vth0": 0.7022958548733192,
      "u0": 0.07439534177401538,
      "nfactor": 2.7041964831557443,
      "vsat": 279128.2759388378,
      "delta": 0.008967468173626878,
      "rdsw": 347.0095426097628,
      "eta0": -0.42654796614734203
    }
  },
  "best_method": "emu_search+fd",
  "rrms": 0.4296689260110316,
  "start_rrms": 0.48804885500089024,
  "runtime_s": 89.7
}