{
  "device": "nmos_L1_W3",
  "dev_type": "nmos",
  "L_um": 1.0,
  "W_um": 3.0,
  "bin_index": 4,
  "paper_reported": 0.16,
  "emulator_val_mse": 0.7942747473716736,
  "inverse_val_mse": 1.2588480710983276,
  "n_synth": 1500,
  "methods": {
    "published": {
      "rrms": 0.7123679466311738
    },
    "emu_search": {
      "rrms": 0.6371469571979232
    },
    "inverse_mlp": {
      "rrms": 1.036062589052066
    },
    "emu_search+fd": {
      "rrms": 0.623497783032039
    },
    "inverse_mlp+fd": {
      "rrms": 0.6470111568611685
    }
  },
  "params_by_method": {
    "published": {
      "vth0": 0.572584,
      "u0": 0.293366,
      "nfactor": 7.73808,
      "vsat": -3.37936,
      "delta": 0.05,
      "rdsw": 288.238,
      "eta0": 0.00401684
    },
    "emu_search": {
      "vth0": 0.6239181155423094,
      "u0": 0.32361634533687544,
      "nfactor": 14.239238313480191,
      "vsat": 14690.937929589269,
      "delta": 0.02737820437234733,
      "rdsw": 272.6147239122614,
      "eta0": -0.1863589909439836
    },
    "inverse_mlp": {
      "vth0": 0.6932052335760139,
      "u0": 0.16823639699851364,
      "nfactor": 1.7870360865577632,
      "vsat": 12724.922359965252,
      "delta": 0.00558583775419429,
      "rdsw": 929.3050161508083,
      "eta0": 0.049398018925978504
    },
    "emu_search+fd": {
      "vth0": 0.60786075965986,
      "u0": 0.24585418498668302,
      "nfactor": 15.554305101002338,
      "vsat": 14714.730482412358,
      "delta": 0.0485084027848434,
      "rdsw": 154.11384313759478,
      "eta0": -0.18098168340254356
    },
    "inverse_mlp+fd": {
      "vth0": 0.6105359963548761,
      "u0": 0.2769862553871344,
      "nfactor": 1.787132943532528,
      "vsat": 12822.02255677703,
      "delta": 0.005610900248181039,
      "rdsw": 359.0479440346213,
      "eta0": 0.04939801892640194
    }
  },
  "best_method": "emu_search+fd",
  "rrms": 0.623497783032039,
  "start_rrms": 0.7123679466311738,
  "runtime_s": 65.0
}