{
  "device": "nmos_L8_W1p6",
  "dev_type": "nmos",
  "L_um": 8.0,
  "W_um": 1.6,
  "bin_index": 5,
  "paper_reported": 0.147,
  "emulator_val_mse": 0.9199208617210388,
  "inverse_val_mse": 1.2966495752334595,
  "n_synth": 1500,
  "methods": {
    "published": {
      "rrms": 0.14386196910056534
    },
    "emu_search": {
      "rrms": 0.058659482027200484
    },
    "inverse_mlp": {
      "rrms": 0.38475309552930825
    },
    "emu_search+fd": {
      "rrms": 0.0577022217352748
    },
    "inverse_mlp+fd": {
      "rrms": 0.05946124282998667
    }
  },
  "params_by_method": {
    "published": {
      "vth0": 0.560268,
      "u0": 0.228212,
      "nfactor": 4.07823,
      "vsat": 39652.5,
      "delta": 0.15,
      "rdsw": 0.103858,
      "eta0": 0.08
    },
    "emu_search": {
      "vth0": 0.5916548570267632,
      "u0": 0.19810262372678455,
      "nfactor": 2.050366074497952,
      "vsat": 50836.653751287115,
      "delta": 0.04664314965899932,
      "rdsw": 0.10512063524017398,
      "eta0": 0.1011989678043198
    },
    "inverse_mlp": {
      "vth0": 0.5494815857921193,
      "u0": 0.18798402785985968,
      "nfactor": 13.490589780530252,
      "vsat": 244874.80093815352,
      "delta": 0.01814100808399778,
      "rdsw": 0.14342322620155087,
      "eta0": 0.08179759524716984
    },
    "emu_search+fd": {
      "vth0": 0.5930445949806942,
      "u0": 0.19837732643955222,
      "nfactor": 1.930666558651575,
      "vsat": 50361.13923834928,
      "delta": 0.04404428451214498,
      "rdsw": 0.07976078094539879,
      "eta0": 0.05962500980299423
    },
    "inverse_mlp+fd": {
      "vth0": 0.5935212475083401,
      "u0": 0.19567995205700633,
      "nfactor": 13.504874521254923,
      "vsat": 48585.91488747011,
      "delta": 0.01561318931268055,
      "rdsw": 0.14342626120892327,
      "eta0": 0.08179759524716984
    }
  },
  "best_method": "emu_search+fd",
  "rrms": 0.0577022217352748,
  "start_rrms": 0.14386196910056534,
  "runtime_s": 81.5
}