{
  "device": "nmos_L1_W1p6",
  "dev_type": "nmos",
  "L_um": 1.0,
  "W_um": 1.6,
  "bin_index": 3,
  "paper_reported": 0.128,
  "emulator_val_mse": 0.5974652767181396,
  "inverse_val_mse": 0.9854176044464111,
  "n_synth": 1500,
  "methods": {
    "published": {
      "rrms": 0.5937222535586496
    },
    "emu_search": {
      "rrms": 0.6383658000176274
    },
    "inverse_mlp": {
      "rrms": 6999.91535938069
    },
    "emu_search+fd": {
      "rrms": 0.5148083392534595
    },
    "inverse_mlp+fd": {
      "rrms": 0.5459929463033661
    }
  },
  "params_by_method": {
    "published": {
      "vth0": 0.562261,
      "u0": 0.219802,
      "nfactor": 4.43269,
      "vsat": 38156.2,
      "delta": 0.08,
      "rdsw": 244.614,
      "eta0": 0.00056492
    },
    "emu_search": {
      "vth0": 0.6042522285734022,
      "u0": 0.5125909580720276,
      "nfactor": 2.544678921975782,
      "vsat": 19261.891886662506,
      "delta": 0.09484208834864212,
      "rdsw": 37.521311192458754,
      "eta0": -0.03685393687588967
    },
    "inverse_mlp": {
      "vth0": 0.13104423914155847,
      "u0": 0.023200204518786745,
      "nfactor": 0.44394500141043935,
      "vsat": 11716.98707455829,
      "delta": 0.007089910529510807,
      "rdsw": 2663.3920543204345,
      "eta0": 0.0742170173974917
    },
    "emu_search+fd": {
      "vth0": 0.5913309239621584,
      "u0": 0.2084795244424178,
      "nfactor": 17.461191821592852,
      "vsat": 39261.085256159044,
      "delta": 0.01602325137709187,
      "rdsw": 213.67012480338337,
      "eta0": 0.0886799866396521
    },
    "inverse_mlp+fd": {
      "vth0": 0.5762979250606118,
      "u0": 0.15606267516612266,
      "nfactor": 0.44394496994614996,
      "vsat": 38083.68400891798,
      "delta": 0.006339977360564739,
      "rdsw": 4.908405153905613,
      "eta0": 0.07421698043801134
    }
  },
  "best_method": "emu_search+fd",
  "rrms": 0.5148083392534595,
  "start_rrms": 0.5937222535586496,
  "runtime_s": 110.9
}