{
  "device": "pmos_L0p5_W0p64",
  "dev_type": "pmos",
  "L_um": 0.5,
  "W_um": 0.64,
  "bin_index": 5,
  "paper_reported": 0.322,
  "emulator_val_mse": 0.053992681205272675,
  "inverse_val_mse": 1.1073144674301147,
  "n_synth": 851,
  "methods": {
    "published": {
      "rrms": 0.8179151902304188
    },
    "emu_search": {
      "rrms": 0.5042510386850497
    },
    "inverse_mlp": {
      "rrms": 1.4862268097208053
    },
    "emu_search+fd": {
      "rrms": 0.4838886134149416
    },
    "inverse_mlp+fd": {
      "rrms": 0.5717741712999188
    }
  },
  "params_by_method": {
    "published": {
      "vth0": -0.863867,
      "u0": 0.00933421,
      "nfactor": 42.2468,
      "vsat": 711439000.0,
      "delta": 0.150991,
      "rdsw": 2136.68,
      "eta0": 0.2
    },
    "emu_search": {
      "vth0": -0.6879697398647809,
      "u0": 0.006175003314377229,
      "nfactor": 67.78017541175913,
      "vsat": 273329065.8935493,
      "delta": 0.9958492920440623,
      "rdsw": 2269.5491555203025,
      "eta0": -0.05191996695330631
    },
    "inverse_mlp": {
      "vth0": -0.8065595929404276,
      "u0": 0.025914360363008725,
      "nfactor": 237.11172055791437,
      "vsat": 198764549.20259017,
      "delta": 0.06646318228027814,
      "rdsw": 2384.6155652013135,
      "eta0": 0.3646846061972812
    },
    "emu_search+fd": {
      "vth0": -0.6659316727383667,
      "u0": 0.005784543632473667,
      "nfactor": 71.157904413734,
      "vsat": 84738958.17497873,
      "delta": 0.9352761755897646,
      "rdsw": 1818.9079694816828,
      "eta0": 0.43170277550784747
    },
    "inverse_mlp+fd": {
      "vth0": -1.017735145498455,
      "u0": 0.09266256218227412,
      "nfactor": 27.88930713391964,
      "vsat": 212204288.08016208,
      "delta": 0.6184377407758661,
      "rdsw": 5027.344221659661,
      "eta0": 0.3646844428706327
    }
  },
  "best_method": "emu_search+fd",
  "rrms": 0.4838886134149416,
  "start_rrms": 0.8179151902304188,
  "runtime_s": 29.2
}