{
  "device": "pmos_L2_W5",
  "dev_type": "pmos",
  "L_um": 2.0,
  "W_um": 5.0,
  "bin_index": 11,
  "paper_reported": 0.207,
  "emulator_val_mse": 0.6055400371551514,
  "inverse_val_mse": 1.0845913887023926,
  "n_synth": 1500,
  "methods": {
    "published": {
      "rrms": 0.9755015492781118
    },
    "emu_search": {
      "rrms": 1.01320609186614
    },
    "inverse_mlp": {
      "rrms": 2.187351941450551
    },
    "emu_search+fd": {
      "rrms": 0.9631717981287128
    },
    "inverse_mlp+fd": {
      "rrms": 1.065906076789779
    }
  },
  "params_by_method": {
    "published": {
      "vth0": -1.1404,
      "u0": 0.116381,
      "nfactor": 58.3579,
      "vsat": 6704180.0,
      "delta": 0.0126602,
      "rdsw": 11875.1,
      "eta0": 0.2
    },
    "emu_search": {
      "vth0": -1.223273861274361,
      "u0": 0.3145734438713438,
      "nfactor": 40.96427717513479,
      "vsat": 15494418.35382015,
      "delta": 0.20718645408836417,
      "rdsw": 10959.605599384622,
      "eta0": 0.27569579911965
    },
    "inverse_mlp": {
      "vth0": -1.0664871448108109,
      "u0": 0.0363632472487176,
      "nfactor": 224.88763371609974,
      "vsat": 26913745.646644443,
      "delta": 0.01707003581098659,
      "rdsw": 24102.891666512925,
      "eta0": 0.1833278147653244
    },
    "emu_search+fd": {
      "vth0": -1.1745774817886057,
      "u0": 0.17750340226204528,
      "nfactor": 55.28071724139173,
      "vsat": 18173848.58520405,
      "delta": 0.15882668563190097,
      "rdsw": 10574.910015574638,
      "eta0": 0.4139174604562214
    },
    "inverse_mlp+fd": {
      "vth0": -1.122196006406588,
      "u0": 0.022429864724286572,
      "nfactor": 10.085997180244412,
      "vsat": 26914422.639780845,
      "delta": 0.01160653828339047,
      "rdsw": 5254.416394381488,
      "eta0": 0.1833278147653244
    }
  },
  "best_method": "emu_search+fd",
  "rrms": 0.9631717981287128,
  "start_rrms": 0.9755015492781118,
  "runtime_s": 124.5
}