{
  "device": "pmos_L0p35_W0p55",
  "dev_type": "pmos",
  "L_um": 0.35,
  "W_um": 0.55,
  "bin_index": 10,
  "paper_reported": 0.701,
  "emulator_val_mse": 0.053956788033246994,
  "inverse_val_mse": 1.2991458177566528,
  "n_synth": 901,
  "methods": {
    "published": {
      "rrms": 0.9305912704840424
    },
    "emu_search": {
      "rrms": 0.5724025591025937
    },
    "inverse_mlp": {
      "rrms": 1.7057961220757816
    },
    "emu_search+fd": {
      "rrms": 0.5400994438032973
    },
    "inverse_mlp+fd": {
      "rrms": 0.5441382912738791
    },
    "shared_bin_ml+fd": {
      "rrms": 0.5693051399906897
    }
  },
  "params_by_method": {
    "published": {
      "vth0": -0.885267,
      "u0": 0.00310198,
      "nfactor": 73.0765,
      "vsat": -25858.8,
      "delta": 0.127551,
      "rdsw": 6.4293,
      "eta0": 0.2
    },
    "emu_search": {
      "vth0": -0.9451634893980038,
      "u0": 0.0044852132886304364,
      "nfactor": 67.55483912918072,
      "vsat": 1495401315.9903657,
      "delta": 1.9232122934722418,
      "rdsw": 33.1362458908064,
      "eta0": 0.29308334548362874
    },
    "inverse_mlp": {
      "vth0": -0.6842096461201415,
      "u0": 0.006249446634379345,
      "nfactor": 297.6062334603495,
      "vsat": 10910.021812200823,
      "delta": 0.304339888753152,
      "rdsw": 4.006978073472876,
      "eta0": 0.24746425308106812
    },
    "emu_search+fd": {
      "vth0": -0.9595153140747448,
      "u0": 0.004983790374091003,
      "nfactor": 62.395517936875294,
      "vsat": 1495395194.036185,
      "delta": 1.9170957855113624,
      "rdsw": 33.14159094910119,
      "eta0": 0.2930813309016288
    },
    "inverse_mlp+fd": {
      "vth0": -0.9621694167027125,
      "u0": 0.0047005444067458125,
      "nfactor": 62.47184443347774,
      "vsat": 10910.141684906535,
      "delta": 1.503255542340542,
      "rdsw": 4.006628084379359,
      "eta0": 0.24746490633603557
    },
    "shared_bin_ml+fd": {
      "vth0": -0.9720889603411725,
      "u0": 0.0049509477504240396,
      "nfactor": 62.34431433178048,
      "vsat": 122107.86706779357,
      "delta": 1.1336756202574334,
      "rdsw": 102.1943602628376,
      "eta0": 0.12589907699492087
    }
  },
  "best_method": "shared_bin_ml+fd",
  "rrms": 0.5693051399906897,
  "start_rrms": 0.9305912704840424,
  "runtime_s": 66.2,
  "shared_bin_devices": [
    "pmos_L0p35_W0p55",
    "pmos_L0p5_W0p42"
  ]
}