{
  "device": "pmos_L8_W0p84",
  "dev_type": "pmos",
  "L_um": 8.0,
  "W_um": 0.84,
  "bin_index": 8,
  "paper_reported": 0.48,
  "emulator_val_mse": 0.025888442993164062,
  "inverse_val_mse": 1.839573860168457,
  "n_synth": 1500,
  "methods": {
    "published": {
      "rrms": 0.8049567008048603
    },
    "emu_search": {
      "rrms": 0.7596853222133734
    },
    "inverse_mlp": {
      "rrms": 1.4890837538643105
    },
    "emu_search+fd": {
      "rrms": 0.5760676680928155
    },
    "inverse_mlp+fd": {
      "rrms": 0.5794823932840528
    }
  },
  "params_by_method": {
    "published": {
      "vth0": -1.19149,
      "u0": 0.0319499,
      "nfactor": 39.301,
      "vsat": 610558000.0,
      "delta": -0.0038699,
      "rdsw": 28741.1,
      "eta0": 0.2
    },
    "emu_search": {
      "vth0": -1.1804708849126064,
      "u0": 0.06496982754836847,
      "nfactor": 50.78500070362254,
      "vsat": 24081816.941201016,
      "delta": 0.30075644783571553,
      "rdsw": 61147.138275825084,
      "eta0": -0.15789784826830078
    },
    "inverse_mlp": {
      "vth0": -0.7609313491854008,
      "u0": 0.19854731474265797,
      "nfactor": 280.61550423331016,
      "vsat": 545026594.4726989,
      "delta": 0.00013786944341830377,
      "rdsw": 39581.202096297195,
      "eta0": 0.09409970816572277
    },
    "emu_search+fd": {
      "vth0": -1.106584973617077,
      "u0": 0.08285906062703062,
      "nfactor": 67.64146465141397,
      "vsat": 335098965.6623578,
      "delta": 0.3036654357509698,
      "rdsw": 46427.986120841495,
      "eta0": -0.1296916943064066
    },
    "inverse_mlp+fd": {
      "vth0": -1.045732926515925,
      "u0": 0.03366476215989182,
      "nfactor": 70.61382850252846,
      "vsat": 545045102.795504,
      "delta": 0.00013799090808091854,
      "rdsw": 51449.54223802666,
      "eta0": 0.09409970816572277
    }
  },
  "best_method": "emu_search+fd",
  "rrms": 0.5760676680928155,
  "start_rrms": 0.8049567008048603,
  "runtime_s": 41.9
}