{
  "device": "pmos_L0p35_W5",
  "dev_type": "pmos",
  "L_um": 0.35,
  "W_um": 5.0,
  "bin_index": 9,
  "paper_reported": 0.324,
  "emulator_val_mse": 0.0536813959479332,
  "inverse_val_mse": 0.8510122895240784,
  "n_synth": 1333,
  "methods": {
    "published": {
      "rrms": 0.4466055898342017
    },
    "emu_search": {
      "rrms": 0.2827050339940274
    },
    "inverse_mlp": {
      "rrms": 1.1196182157223986
    },
    "emu_search+fd": {
      "rrms": 0.2540020693076507
    },
    "inverse_mlp+fd": {
      "rrms": 0.27243795162088114
    }
  },
  "params_by_method": {
    "published": {
      "vth0": -1.22735,
      "u0": 0.02987,
      "nfactor": 20.3585,
      "vsat": 3091310000.0,
      "delta": 0.0592359,
      "rdsw": 2991.82,
      "eta0": 0.2
    },
    "emu_search": {
      "vth0": -1.1196792091264949,
      "u0": 0.013192819417683592,
      "nfactor": 46.84716891210983,
      "vsat": 267029011.55402625,
      "delta": 0.7986834133745913,
      "rdsw": 989.2220152805529,
      "eta0": 0.025989417071817844
    },
    "inverse_mlp": {
      "vth0": -1.2117284835178173,
      "u0": 0.01697132900152984,
      "nfactor": 75.24727562844836,
      "vsat": 4831123261.427169,
      "delta": 0.14584352195500044,
      "rdsw": 17115.922249205345,
      "eta0": 0.3487330199860275
    },
    "emu_search+fd": {
      "vth0": -1.1153013091019717,
      "u0": 0.013938373388068295,
      "nfactor": 49.69449606274214,
      "vsat": 267078552.01530182,
      "delta": 0.7880673491642715,
      "rdsw": 926.9289210206156,
      "eta0": 0.02598911368129886
    },
    "inverse_mlp+fd": {
      "vth0": -1.15402343628443,
      "u0": 0.022327071550419256,
      "nfactor": 51.885201322614535,
      "vsat": 4831165394.162705,
      "delta": 0.10361721555426957,
      "rdsw": 2791.154503021946,
      "eta0": 0.3487343310988407
    }
  },
  "best_method": "emu_search+fd",
  "rrms": 0.2540020693076507,
  "start_rrms": 0.4466055898342017,
  "runtime_s": 41.6
}