{
  "device": "pmos_L4_W7",
  "dev_type": "pmos",
  "L_um": 4.0,
  "W_um": 7.0,
  "bin_index": 2,
  "paper_reported": 0.281,
  "emulator_val_mse": 0.06668949872255325,
  "inverse_val_mse": 1.7642772197723389,
  "n_synth": 1500,
  "methods": {
    "published": {
      "rrms": 0.7351238916638132
    },
    "emu_search": {
      "rrms": 0.8556678226975613
    },
    "inverse_mlp": {
      "rrms": 0.8736689987820511
    },
    "emu_search+fd": {
      "rrms": 0.6414513049990778
    },
    "inverse_mlp+fd": {
      "rrms": 0.6187993265035601
    },
    "shared_bin_ml+fd": {
      "rrms": 0.6637841273927649
    }
  },
  "params_by_method": {
    "published": {
      "vth0": -1.19022,
      "u0": 0.0373221,
      "nfactor": 38.8638,
      "vsat": 739282000.0,
      "delta": -0.011931,
      "rdsw": 10306.9,
      "eta0": 0.2
    },
    "emu_search": {
      "vth0": -1.1288592752861684,
      "u0": 0.015482790895415864,
      "nfactor": 21.20240030803807,
      "vsat": 2538984922.7787833,
      "delta": 0.15112749962943975,
      "rdsw": 419.37652548501876,
      "eta0": -0.11743404753397857
    },
    "inverse_mlp": {
      "vth0": -1.1563523106188263,
      "u0": 0.03165987044179869,
      "nfactor": 37.875737334822254,
      "vsat": 846309423.6421382,
      "delta": 0.00010256092175066457,
      "rdsw": 22563.39045654625,
      "eta0": 0.16397758660567424
    },
    "emu_search+fd": {
      "vth0": -1.1869641863903904,
      "u0": 0.023869363285327353,
      "nfactor": 20.113044553120645,
      "vsat": 2256267892.206627,
      "delta": 0.3005022096418503,
      "rdsw": 353.1728194745242,
      "eta0": -0.10099468503563944
    },
    "inverse_mlp+fd": {
      "vth0": -1.1256590521882712,
      "u0": 0.03716787975576036,
      "nfactor": 57.61835261288454,
      "vsat": 846320303.5976286,
      "delta": 0.00010256093367485939,
      "rdsw": 14602.88488447479,
      "eta0": 0.16397758660567424
    },
    "shared_bin_ml+fd": {
      "vth0": -1.1876212746432109,
      "u0": 0.022679262413262218,
      "nfactor": 24.874594508711834,
      "vsat": 2538993930.0347257,
      "delta": 0.33007349641147693,
      "rdsw": 402.85731374557344,
      "eta0": -0.11743404753397857
    }
  },
  "best_method": "shared_bin_ml+fd",
  "rrms": 0.6637841273927649,
  "start_rrms": 0.7351238916638132,
  "runtime_s": 59.1,
  "shared_bin_devices": [
    "pmos_L4_W7",
    "pmos_L8_W5"
  ]
}