{
  "device": "pmos_L8_W1p6",
  "dev_type": "pmos",
  "L_um": 8.0,
  "W_um": 1.6,
  "bin_index": 6,
  "paper_reported": 0.515,
  "emulator_val_mse": 0.07320821285247803,
  "inverse_val_mse": 1.449474811553955,
  "n_synth": 472,
  "methods": {
    "published": {
      "rrms": 0.8278977121377284
    },
    "emu_search": {
      "rrms": 0.6177534428357663
    },
    "inverse_mlp": {
      "rrms": 1.495045163472758
    },
    "emu_search+fd": {
      "rrms": 0.5977284637773601
    },
    "inverse_mlp+fd": {
      "rrms": 0.5711058774895481
    }
  },
  "params_by_method": {
    "published": {
      "vth0": -1.19863,
      "u0": 0.0253613,
      "nfactor": 28.1435,
      "vsat": 545069000.0,
      "delta": 0.0190143,
      "rdsw": 12085.3,
      "eta0": 0.2
    },
    "emu_search": {
      "vth0": -1.0769598108379803,
      "u0": 0.06686995125283869,
      "nfactor": 66.22265614445053,
      "vsat": 1950215692.3586066,
      "delta": 0.4251000477995297,
      "rdsw": 41350.5406309114,
      "eta0": -0.12826511551252057
    },
    "inverse_mlp": {
      "vth0": -0.767118340209552,
      "u0": 0.08263903762268844,
      "nfactor": 193.12189044342338,
      "vsat": 377627668.3290667,
      "delta": 0.06403309755726914,
      "rdsw": 23574.83812432329,
      "eta0": 0.31014417967530145
    },
    "emu_search+fd": {
      "vth0": -1.0966960391731937,
      "u0": 0.07454322051701429,
      "nfactor": 67.17611875474132,
      "vsat": 1950215732.6023045,
      "delta": 0.41099981960481247,
      "rdsw": 41156.747062559705,
      "eta0": -0.1543240333948236
    },
    "inverse_mlp+fd": {
      "vth0": -0.9799331006606737,
      "u0": 0.022145810949382554,
      "nfactor": 75.32767140594972,
      "vsat": 377647470.450854,
      "delta": 0.12930029040743377,
      "rdsw": 36926.35366524438,
      "eta0": 0.31014417967530145
    }
  },
  "best_method": "inverse_mlp+fd",
  "rrms": 0.5711058774895481,
  "start_rrms": 0.8278977121377284,
  "runtime_s": 25.0
}