{
  "device": "pmos_L0p35_W1p6",
  "dev_type": "pmos",
  "L_um": 0.35,
  "W_um": 1.6,
  "bin_index": 3,
  "paper_reported": 0.374,
  "emulator_val_mse": 0.06360895931720734,
  "inverse_val_mse": 1.8439444303512573,
  "n_synth": 1500,
  "methods": {
    "published": {
      "rrms": 0.8690001165535098
    },
    "emu_search": {
      "rrms": 1.1632469917610007
    },
    "inverse_mlp": {
      "rrms": 1.7738399808188972
    },
    "emu_search+fd": {
      "rrms": 0.7544031021008162
    },
    "inverse_mlp+fd": {
      "rrms": 0.7785366505993554
    }
  },
  "params_by_method": {
    "published": {
      "vth0": -1.13595,
      "u0": 0.0119114,
      "nfactor": 63.0509,
      "vsat": 1027500000.0,
      "delta": -0.0153513,
      "rdsw": 0.0053999,
      "eta0": 0.2
    },
    "emu_search": {
      "vth0": -1.0383764902142323,
      "u0": 0.0043329231761059465,
      "nfactor": 47.81196866915135,
      "vsat": 3599976749.0580397,
      "delta": 0.2081734764817895,
      "rdsw": 0.06500932346203729,
      "eta0": -0.1419153753379743
    },
    "inverse_mlp": {
      "vth0": -1.3261755966594613,
      "u0": 0.031056888608507797,
      "nfactor": 41.84873854569305,
      "vsat": 1059446272.2318306,
      "delta": 0.009337074384974706,
      "rdsw": 0.5904792999761282,
      "eta0": 0.10945186815781843
    },
    "emu_search+fd": {
      "vth0": -1.0803108012641203,
      "u0": 0.010909807464321053,
      "nfactor": 67.29029469310854,
      "vsat": 2068443455.1081293,
      "delta": 0.29229577502627374,
      "rdsw": 0.07443370883624419,
      "eta0": -0.15418214568528124
    },
    "inverse_mlp+fd": {
      "vth0": -1.0790516378516932,
      "u0": 0.010315924300522594,
      "nfactor": 68.15653816896076,
      "vsat": 1056561019.1478695,
      "delta": 0.05464032730891918,
      "rdsw": 0.6029951802520824,
      "eta0": 0.10952971505743764
    }
  },
  "best_method": "emu_search+fd",
  "rrms": 0.7544031021008162,
  "start_rrms": 0.8690001165535098,
  "runtime_s": 69.2
}