{
  "device": "pmos_L0p5_W0p42",
  "dev_type": "pmos",
  "L_um": 0.5,
  "W_um": 0.42,
  "bin_index": 10,
  "paper_reported": 0.465,
  "emulator_val_mse": 0.04857434704899788,
  "inverse_val_mse": 1.552111029624939,
  "n_synth": 991,
  "methods": {
    "published": {
      "rrms": 1.0982946771901068
    },
    "emu_search": {
      "rrms": 0.5368468924653176
    },
    "inverse_mlp": {
      "rrms": 1.6209616663013595
    },
    "emu_search+fd": {
      "rrms": 0.5245440423030959
    },
    "inverse_mlp+fd": {
      "rrms": 0.9388734308543166
    },
    "shared_bin_ml+fd": {
      "rrms": 1.181442637380786
    }
  },
  "params_by_method": {
    "published": {
      "vth0": -0.885267,
      "u0": 0.00310198,
      "nfactor": 73.0765,
      "vsat": -25858.8,
      "delta": 0.127551,
      "rdsw": 6.4293,
      "eta0": 0.2
    },
    "emu_search": {
      "vth0": -0.6601977366401897,
      "u0": 0.005825893754502986,
      "nfactor": 86.48451566972702,
      "vsat": 24076.668694835782,
      "delta": 0.8626612265291962,
      "rdsw": 2.001157904587108,
      "eta0": 0.5118632070483338
    },
    "inverse_mlp": {
      "vth0": -0.5935532896840819,
      "u0": 0.02999294795552085,
      "nfactor": 690.9573904317618,
      "vsat": 2947947.2456058133,
      "delta": 0.016008250417354465,
      "rdsw": 31.22785083055854,
      "eta0": 0.5088705061968397
    },
    "emu_search+fd": {
      "vth0": -0.6809207062352105,
      "u0": 0.00632787491850684,
      "nfactor": 83.58328684991406,
      "vsat": 18392.842313174548,
      "delta": 0.8199707953376277,
      "rdsw": 64.31395953572206,
      "eta0": -0.06533047205696496
    },
    "inverse_mlp+fd": {
      "vth0": -0.313247516336987,
      "u0": 0.030938014751993623,
      "nfactor": 161.75284643772102,
      "vsat": 174073.30175525253,
      "delta": 2.3285121576524914,
      "rdsw": 36.93414217696538,
      "eta0": 0.508870539346987
    },
    "shared_bin_ml+fd": {
      "vth0": -0.9720889603411725,
      "u0": 0.0049509477504240396,
      "nfactor": 62.34431433178048,
      "vsat": 122107.86706779357,
      "delta": 1.1336756202574334,
      "rdsw": 102.1943602628376,
      "eta0": 0.12589907699492087
    }
  },
  "best_method": "shared_bin_ml+fd",
  "rrms": 1.181442637380786,
  "start_rrms": 1.0982946771901068,
  "runtime_s": 26.9,
  "shared_bin_devices": [
    "pmos_L0p35_W0p55",
    "pmos_L0p5_W0p42"
  ]
}