{
  "device": "pmos_L8_W5",
  "dev_type": "pmos",
  "L_um": 8.0,
  "W_um": 5.0,
  "bin_index": 2,
  "paper_reported": 0.388,
  "emulator_val_mse": 0.032923828810453415,
  "inverse_val_mse": 1.788296103477478,
  "n_synth": 1500,
  "methods": {
    "published": {
      "rrms": 1.4578253137750807
    },
    "emu_search": {
      "rrms": 0.9605403476757455
    },
    "inverse_mlp": {
      "rrms": 1.6075668527240554
    },
    "emu_search+fd": {
      "rrms": 0.6694646608268902
    },
    "inverse_mlp+fd": {
      "rrms": 0.6512238658609938
    },
    "shared_bin_ml+fd": {
      "rrms": 0.739024792091509
    }
  },
  "params_by_method": {
    "published": {
      "vth0": -1.19022,
      "u0": 0.0373221,
      "nfactor": 38.8638,
      "vsat": 739282000.0,
      "delta": -0.011931,
      "rdsw": 10306.9,
      "eta0": 0.2
    },
    "emu_search": {
      "vth0": -1.1363814680352606,
      "u0": 0.04284599236827755,
      "nfactor": 51.258766355340576,
      "vsat": 658653057.6085299,
      "delta": 0.23012140648255888,
      "rdsw": 19313.006633982728,
      "eta0": -0.13789561871150222
    },
    "inverse_mlp": {
      "vth0": -0.9614996234889124,
      "u0": 0.033593653070327786,
      "nfactor": 128.47940250505673,
      "vsat": 261960651.19788456,
      "delta": 0.00010977281851648909,
      "rdsw": 53061.30873603915,
      "eta0": 0.22719706881309165
    },
    "emu_search+fd": {
      "vth0": -1.1451795565137897,
      "u0": 0.08369251295350823,
      "nfactor": 62.84331202219884,
      "vsat": 2062211105.6632383,
      "delta": 0.15895903330759656,
      "rdsw": 38980.90337775458,
      "eta0": -0.06191203820693006
    },
    "inverse_mlp+fd": {
      "vth0": -1.0556266209194842,
      "u0": 0.0279984539411376,
      "nfactor": 68.76506915220425,
      "vsat": 261981858.24806073,
      "delta": 0.00010977301747271881,
      "rdsw": 34425.603010832594,
      "eta0": 0.22719706881309165
    },
    "shared_bin_ml+fd": {
      "vth0": -1.1876212746432109,
      "u0": 0.022679262413262218,
      "nfactor": 24.874594508711834,
      "vsat": 2538993930.0347257,
      "delta": 0.33007349641147693,
      "rdsw": 402.85731374557344,
      "eta0": -0.11743404753397857
    }
  },
  "best_method": "shared_bin_ml+fd",
  "rrms": 0.739024792091509,
  "start_rrms": 1.4578253137750807,
  "runtime_s": 80.2,
  "shared_bin_devices": [
    "pmos_L4_W7",
    "pmos_L8_W5"
  ]
}