{
  "n_devices": 18,
  "mean_rrms": 0.5437643860915761,
  "baseline_mean_rrms": 0.6918666679748472,
  "wins_vs_baseline": 17,
  "mean_emu_search": 0.6010769341244521,
  "n_emu_search": 18,
  "mean_inverse_mlp": 390.1908509449911,
  "n_inverse_mlp": 18,
  "mean_emu_search+fd": 0.5020213495007106,
  "n_emu_search+fd": 18,
  "mean_inverse_mlp+fd": 0.6159048124381356,
  "n_inverse_mlp+fd": 18,
  "mean_shared_bin_ml+fd": 0.7883891742139374,
  "n_shared_bin_ml+fd": 4
}